date,app_name,usage_minutes,times_opened
2024-02-08,LinkedIn,117,1
2024-01-29,YouTube,80,1
2024-01-15,Facebook,76,1
2024-02-12,Twitter,93,1
2024-01-08,Facebook,50,2
2024-01-21,Twitter,37,2
2024-02-08,Twitter,5,3
2024-01-19,Snapchat,151,1
2024-01-23,Chrome,35,1
2024-01-11,Spotify,146,1
2024-01-11,Snapchat,57,2
2024-01-24,LinkedIn,52,2
2024-02-05,Snapchat,73,3
2024-02-09,WhatsApp,109,1
2024-01-24,WhatsApp,94,2
2024-01-03,Spotify,67,2
2024-01-22,Facebook,77,3
2024-01-02,Chrome,165,2
2024-01-24,Spotify,173,3
2024-02-13,Twitter,93,4
2024-01-30,Instagram,17,1
2024-02-07,Chrome,77,3
2024-01-02,Chrome,81,4
2024-01-21,Twitter,163,5
2024-02-02,Twitter,72,6
2024-01-12,YouTube,102,2
2024-01-22,Spotify,129,4
2024-02-13,Twitter,106,7
2024-01-25,WhatsApp,136,3
2024-02-18,LinkedIn,106,3
2024-01-27,Instagram,23,2
2024-02-11,Spotify,86,5
2024-01-28,Gmail,145,1
2024-01-16,WhatsApp,27,4
2024-01-15,Facebook,87,4
2024-02-16,Twitter,113,8
2024-02-13,Gmail,79,2
2024-01-03,Twitter,133,9
2024-02-06,Chrome,92,5
2024-01-07,WhatsApp,58,5
2024-01-21,Chrome,93,6
2024-01-09,YouTube,147,3
2024-02-08,Chrome,69,7
2024-01-18,YouTube,80,4
2024-01-04,YouTube,147,5
2024-01-25,Gmail,153,3
2024-01-14,Twitter,151,10
2024-02-19,Facebook,64,5
2024-01-09,Chrome,97,8
2024-01-26,WhatsApp,165,6
2024-01-02,YouTube,53,6
2024-01-20,Twitter,39,11
2024-01-28,Instagram,176,3
2024-02-16,Spotify,106,6
2024-01-07,Gmail,15,4
2024-02-13,Facebook,103,6
2024-01-08,Snapchat,114,4
2024-02-16,Gmail,78,5
2024-02-04,Instagram,178,4
2024-01-14,Spotify,13,7
2024-01-17,Instagram,7,5
2024-02-05,Chrome,89,9
2024-02-19,YouTube,30,7
2024-02-09,Facebook,76,7
2024-01-04,LinkedIn,52,4
2024-01-02,YouTube,160,8
2024-01-06,LinkedIn,121,5
2024-02-11,Spotify,158,8
2024-01-04,Twitter,157,12
2024-01-29,Snapchat,16,5
2024-01-18,WhatsApp,137,7
2024-01-26,YouTube,52,9
2024-02-13,Facebook,41,8
2024-02-03,Instagram,48,6
2024-01-10,Facebook,19,9
2024-02-05,Spotify,47,9
2024-01-14,LinkedIn,91,6
2024-01-31,Instagram,74,7
2024-02-17,WhatsApp,50,8
2024-01-15,WhatsApp,112,9
2024-01-08,YouTube,127,10
2024-01-14,Spotify,175,10
2024-01-23,Twitter,25,13
2024-02-09,Spotify,155,11
2024-01-21,LinkedIn,111,7
2024-01-16,Facebook,84,10
2024-02-14,WhatsApp,51,10
2024-01-18,Facebook,121,11
2024-02-16,Facebook,128,12
2024-01-24,Facebook,147,13
2024-01-26,WhatsApp,29,11
2024-01-25,Gmail,40,6
2024-02-14,Chrome,55,10
2024-02-10,LinkedIn,19,8
2024-01-29,Gmail,72,7
2024-01-15,LinkedIn,25,9
2024-02-14,Instagram,145,8
2024-01-01,Spotify,23,12
2024-01-25,Spotify,38,13
2024-01-07,Snapchat,82,6
2024-01-09,Spotify,129,14
2024-01-24,WhatsApp,121,12
2024-01-01,Twitter,56,14
2024-02-13,YouTube,31,11
2024-01-08,Snapchat,161,7
2024-01-24,YouTube,160,12
2024-01-11,LinkedIn,39,10
2024-01-17,YouTube,140,13
2024-01-08,YouTube,148,14
2024-02-04,Snapchat,110,8
2024-02-04,Instagram,168,9
2024-02-02,Facebook,162,14
2024-01-05,Spotify,150,15
2024-02-11,Spotify,6,16
2024-02-08,WhatsApp,81,13
2024-02-10,Snapchat,136,9
2024-01-28,WhatsApp,94,14
2024-01-07,Twitter,93,15
2024-01-09,Twitter,98,16
2024-01-08,WhatsApp,11,15
2024-01-12,Snapchat,99,10
2024-02-03,WhatsApp,112,16
2024-02-02,Spotify,78,17
2024-02-17,Gmail,43,8
2024-01-23,Chrome,145,11
2024-01-24,YouTube,163,15
2024-02-06,Chrome,75,12
2024-02-04,Snapchat,60,11
2024-02-13,Chrome,174,13
2024-02-09,Twitter,46,17
2024-01-22,LinkedIn,40,11
2024-01-27,YouTube,88,16
2024-02-04,Facebook,122,15
2024-01-01,Snapchat,11,12
2024-02-04,YouTube,58,17
2024-02-06,Chrome,133,14
2024-02-16,Twitter,176,18
2024-01-14,Instagram,124,10
2024-01-03,Gmail,177,9
2024-01-01,Facebook,110,16
2024-01-05,Gmail,51,10
2024-01-26,YouTube,127,18
2024-01-14,Twitter,145,19
2024-02-08,Twitter,123,20
2024-01-27,Chrome,154,15
2024-01-09,Spotify,122,18
2024-01-15,Chrome,25,16
2024-01-15,Spotify,141,19
2024-01-26,Spotify,30,20
2024-02-11,Facebook,13,17
2024-01-13,Chrome,19,17
2024-02-01,Instagram,14,11
2024-02-08,WhatsApp,126,17
2024-02-18,WhatsApp,125,18
2024-02-01,Chrome,129,18
2024-01-04,Chrome,174,19
2024-01-30,Gmail,76,11
2024-02-06,Facebook,156,18
2024-01-23,Chrome,53,20
2024-02-08,Gmail,158,12
2024-02-14,Spotify,95,21
2024-01-15,Twitter,41,21
2024-02-12,Twitter,72,22
2024-01-29,Spotify,54,22
2024-02-05,Snapchat,156,13
2024-01-13,Gmail,23,13
2024-02-01,Gmail,104,14
2024-01-07,Spotify,64,23
2024-01-22,Instagram,171,12
2024-01-28,LinkedIn,93,12
2024-01-02,YouTube,150,19
2024-02-11,Spotify,151,24
2024-02-14,Chrome,168,21
2024-01-06,Chrome,73,22
2024-01-28,Facebook,179,19
2024-01-28,Spotify,53,25
2024-02-13,Facebook,112,20
2024-02-13,Spotify,165,26
2024-01-20,Gmail,123,15
2024-01-30,YouTube,153,20
2024-01-11,Gmail,154,16
2024-01-28,LinkedIn,41,13
2024-01-25,Twitter,147,23
2024-02-08,WhatsApp,167,19
2024-02-02,Spotify,164,27
2024-01-01,LinkedIn,15,14
2024-01-27,Twitter,142,24
2024-01-13,Snapchat,82,14
2024-02-10,YouTube,81,21
2024-01-03,Facebook,157,21
2024-02-08,Facebook,6,22
2024-01-06,Gmail,68,17
2024-01-08,Chrome,39,23
2024-01-27,Twitter,11,25
2024-01-09,Snapchat,89,15
2024-02-06,LinkedIn,150,15
2024-02-02,YouTube,71,22
2024-02-11,Twitter,46,26
2024-02-13,Snapchat,122,16
2024-01-24,WhatsApp,129,20
2024-01-15,Spotify,171,28
2024-02-01,Facebook,173,23
2024-02-01,LinkedIn,28,16
2024-01-24,Facebook,50,24
2024-02-10,LinkedIn,23,17
2024-02-18,Gmail,72,18
2024-02-18,Chrome,106,24
2024-01-12,LinkedIn,46,18
2024-02-08,Facebook,36,25
2024-01-02,Gmail,171,19
2024-01-03,LinkedIn,113,19
2024-02-18,WhatsApp,40,21
2024-02-06,Chrome,101,25
2024-02-18,LinkedIn,168,20
2024-01-17,Gmail,135,20
2024-02-18,Twitter,77,27
2024-01-02,Instagram,140,13
2024-01-02,Snapchat,101,17
2024-01-28,Instagram,127,14
2024-01-23,Instagram,74,15
2024-02-06,YouTube,173,23
2024-02-01,WhatsApp,17,22
2024-02-02,Twitter,53,28
2024-01-01,Spotify,64,29
2024-01-19,LinkedIn,134,21
2024-01-02,Snapchat,9,18
2024-02-13,Chrome,176,26
2024-01-26,Twitter,31,29
2024-02-01,Facebook,164,26
2024-01-06,Spotify,153,30
2024-02-01,YouTube,12,24
2024-01-04,YouTube,54,25
2024-01-11,Twitter,71,30
2024-01-17,Gmail,48,21
2024-02-07,Instagram,129,16
2024-01-24,Facebook,62,27
2024-01-05,YouTube,7,26
2024-02-03,Snapchat,90,19
2024-01-06,YouTube,74,27
2024-01-22,Chrome,134,27
2024-01-11,LinkedIn,176,22
2024-02-17,YouTube,6,28
2024-01-16,Chrome,106,28
2024-02-02,Twitter,39,31
2024-01-09,Twitter,102,32
2024-01-06,Spotify,34,31
2024-01-16,YouTube,120,29
2024-01-29,Snapchat,12,20
2024-01-03,YouTube,154,30
2024-01-20,Snapchat,48,21
2024-02-05,WhatsApp,40,23
2024-01-19,Spotify,81,32
2024-01-26,WhatsApp,35,24
2024-01-03,YouTube,51,31
2024-01-19,Spotify,59,33
2024-01-20,WhatsApp,110,25
2024-02-01,Instagram,162,17
2024-01-07,YouTube,125,32
2024-02-10,WhatsApp,59,26
2024-02-02,Instagram,148,18
2024-02-09,Instagram,16,19
2024-02-08,Twitter,149,33
2024-01-18,YouTube,148,33
2024-02-09,Instagram,144,20
2024-01-01,Twitter,140,34
2024-01-11,WhatsApp,7,27
2024-01-28,Chrome,148,29
2024-01-25,YouTube,34,34
2024-02-19,Spotify,27,34
2024-01-23,Snapchat,96,22
2024-01-31,Snapchat,119,23
2024-01-30,WhatsApp,108,28
2024-02-11,Gmail,122,22
2024-02-04,Gmail,9,23
2024-01-07,WhatsApp,108,29
2024-01-16,Instagram,112,21
2024-01-26,YouTube,69,35
2024-02-17,Snapchat,125,24
2024-02-18,Snapchat,34,25
2024-01-02,Instagram,153,22
2024-01-01,Snapchat,88,26
2024-02-17,Spotify,154,35
2024-01-12,YouTube,36,36
2024-01-05,LinkedIn,165,23
2024-02-06,Snapchat,20,27
2024-02-01,WhatsApp,42,30
2024-01-09,Spotify,146,36
2024-02-10,Snapchat,40,28
2024-02-04,Spotify,155,37
2024-01-19,Twitter,118,35
2024-02-17,LinkedIn,70,24
2024-01-16,Facebook,109,28
2024-01-03,WhatsApp,89,31
2024-01-20,WhatsApp,6,32
2024-01-24,YouTube,79,37
2024-02-02,Spotify,71,38
2024-01-24,Instagram,155,23
2024-01-11,WhatsApp,158,33
2024-02-18,Spotify,59,39
2024-01-08,Spotify,10,40
2024-02-05,Chrome,167,30
2024-02-07,Chrome,154,31
2024-02-09,Facebook,175,29
2024-01-20,Twitter,147,36
2024-02-04,Facebook,90,30
2024-02-17,Snapchat,64,29
2024-01-25,Instagram,105,24
2024-02-04,Snapchat,16,30
2024-01-25,Gmail,53,24
2024-01-29,Snapchat,46,31
2024-01-18,YouTube,170,38
2024-02-15,Snapchat,86,32
2024-01-18,Facebook,177,31
2024-01-02,WhatsApp,39,34
2024-02-04,WhatsApp,162,35
2024-01-16,Chrome,162,32
2024-02-10,Instagram,138,25
2024-02-05,Instagram,71,26
2024-02-02,YouTube,84,39
2024-01-04,Facebook,11,32
2024-02-02,Chrome,18,33
2024-01-14,Gmail,77,25
2024-01-21,Instagram,147,27
2024-02-17,WhatsApp,153,36
2024-01-20,Snapchat,167,33
2024-01-08,Snapchat,70,34
2024-01-07,Chrome,95,34
2024-01-03,Facebook,134,33
2024-01-17,Facebook,167,34
2024-02-02,Twitter,24,37
2024-02-17,LinkedIn,14,25
2024-01-12,Instagram,29,28
2024-01-22,Facebook,29,35
2024-01-22,WhatsApp,58,37
2024-02-15,Chrome,37,35
2024-01-30,Gmail,168,26
2024-02-07,Twitter,99,38
2024-02-07,Spotify,18,41
2024-02-14,YouTube,69,40
2024-01-08,Gmail,114,27
2024-01-27,Spotify,84,42
2024-01-27,Snapchat,58,35
2024-02-03,YouTube,129,41
2024-01-21,Instagram,135,29
2024-01-30,WhatsApp,173,38
2024-02-02,YouTube,138,42
2024-01-28,LinkedIn,29,26
2024-02-16,Spotify,145,43
2024-02-02,Instagram,121,30
2024-01-05,LinkedIn,140,27
2024-02-17,Snapchat,153,36
2024-01-19,LinkedIn,29,28
2024-01-04,Twitter,83,39
2024-02-04,Twitter,72,40
2024-02-18,Chrome,177,36
2024-01-17,Gmail,16,28
2024-02-13,Gmail,36,29
2024-01-28,Instagram,132,31
2024-01-30,Snapchat,100,37
2024-01-29,Facebook,96,36
2024-02-15,Twitter,145,41
2024-01-06,Instagram,35,32
2024-02-04,Facebook,82,37
2024-02-10,Gmail,24,30
2024-02-06,Chrome,150,37
2024-01-24,LinkedIn,64,29
2024-01-29,Twitter,138,42
2024-02-18,Instagram,164,33
2024-02-15,YouTube,97,43
2024-01-31,Facebook,47,38
2024-02-04,LinkedIn,134,30
2024-02-02,Twitter,64,43
2024-01-21,Gmail,155,31
2024-02-01,Snapchat,35,38
2024-01-23,Facebook,9,39
2024-02-02,Gmail,166,32
2024-01-03,Twitter,14,44
2024-01-18,Facebook,93,40
2024-01-25,LinkedIn,134,31
2024-02-11,Twitter,130,45
2024-01-31,Spotify,15,44
2024-01-03,Instagram,163,34
2024-02-09,LinkedIn,60,32
2024-02-15,Facebook,87,41
2024-01-24,Snapchat,141,39
2024-02-19,Gmail,103,33
2024-02-01,YouTube,153,44
2024-02-16,Gmail,77,34
2024-01-22,Facebook,160,42
2024-01-23,Gmail,119,35
2024-01-02,Instagram,11,35
2024-01-27,Twitter,84,46
2024-02-11,YouTube,148,45
2024-01-02,WhatsApp,101,39
2024-01-26,Facebook,8,43
2024-01-17,Chrome,8,38
2024-02-09,WhatsApp,107,40
2024-02-02,Gmail,44,36
2024-01-09,Facebook,21,44
2024-02-12,Spotify,105,45
2024-02-17,Chrome,107,39
2024-02-08,YouTube,128,46
2024-01-29,Snapchat,56,40
2024-02-11,Spotify,56,46
2024-01-26,WhatsApp,168,41
2024-02-04,Twitter,128,47
2024-02-19,Instagram,170,36
2024-01-25,Snapchat,67,41
2024-01-24,Spotify,120,47
2024-01-13,Twitter,66,48
2024-01-07,Twitter,11,49
2024-02-05,Facebook,159,45
2024-02-14,Spotify,96,48
2024-01-20,YouTube,18,47
2024-01-01,Gmail,90,37
2024-01-08,Chrome,137,40
2024-02-15,Chrome,134,41
2024-01-16,WhatsApp,66,42
2024-01-14,WhatsApp,153,43
2024-01-12,Chrome,83,42
2024-01-23,YouTube,153,48
2024-01-15,Instagram,142,37
2024-01-28,LinkedIn,62,33
2024-02-03,Gmail,124,38
2024-01-02,Instagram,171,38
2024-02-01,Facebook,137,46
2024-01-23,LinkedIn,69,34
2024-01-22,LinkedIn,17,35
2024-01-25,Spotify,86,49
2024-01-22,YouTube,177,49
2024-01-22,YouTube,164,50
2024-02-18,LinkedIn,168,36
2024-02-11,Spotify,143,50
2024-01-06,Gmail,153,39
2024-01-15,LinkedIn,56,37
2024-02-12,Snapchat,121,42
2024-02-06,WhatsApp,30,44
2024-02-02,WhatsApp,38,45
2024-01-08,Instagram,56,39
2024-02-13,Facebook,116,47
2024-02-13,WhatsApp,86,46
2024-01-05,Twitter,161,50
2024-02-08,Instagram,170,40
2024-01-04,WhatsApp,46,47
2024-01-06,Facebook,25,48
2024-02-14,YouTube,46,51
2024-02-01,YouTube,145,52
2024-01-30,Gmail,117,40
2024-02-16,LinkedIn,109,38
2024-02-04,Snapchat,21,43
2024-02-09,YouTube,124,53
2024-01-16,Spotify,141,51
2024-01-13,WhatsApp,173,48
2024-02-19,Spotify,133,52
2024-02-11,Facebook,134,49
2024-01-30,YouTube,64,54
2024-01-19,Snapchat,52,44
2024-01-17,Facebook,33,50
2024-01-19,Twitter,101,51
2024-01-28,Twitter,14,52
2024-01-26,Spotify,62,53
2024-02-06,LinkedIn,25,39
2024-01-26,Instagram,32,41
2024-01-23,LinkedIn,38,40
2024-01-09,Gmail,12,41
2024-01-12,LinkedIn,83,41
2024-01-01,Gmail,149,42
2024-01-01,Gmail,91,43
2024-02-16,Snapchat,92,45
2024-02-03,YouTube,177,55
2024-02-01,Snapchat,73,46
2024-02-17,Gmail,164,44
2024-01-25,Facebook,176,51
2024-02-09,Twitter,91,53
2024-02-14,Gmail,105,45
2024-01-01,Snapchat,12,47
2024-01-16,Facebook,81,52
2024-02-08,Snapchat,91,48
2024-01-05,LinkedIn,47,42
2024-01-22,WhatsApp,133,49
2024-01-29,Spotify,113,54
2024-01-03,Instagram,156,42
2024-01-12,Snapchat,156,49
2024-01-26,Instagram,21,43
2024-01-16,Chrome,137,43
2024-02-06,Snapchat,152,50
2024-01-22,WhatsApp,25,50
2024-01-29,Instagram,62,44
2024-01-14,Gmail,163,46
2024-01-28,Snapchat,114,51
2024-01-05,YouTube,143,56
2024-02-16,Spotify,147,55
2024-02-18,WhatsApp,139,51
2024-01-30,Instagram,32,45
2024-02-15,WhatsApp,55,52
2024-01-05,Facebook,9,53
2024-01-12,Spotify,9,56
2024-01-16,Gmail,98,47
2024-01-26,Snapchat,100,52
2024-01-26,Snapchat,12,53
2024-02-17,Snapchat,68,54
2024-01-21,Spotify,142,57
2024-02-08,YouTube,42,57
2024-02-05,Chrome,115,44
2024-02-02,Twitter,116,54
2024-01-30,LinkedIn,85,43
2024-02-06,Instagram,140,46
2024-01-23,YouTube,108,58
2024-01-10,Gmail,157,48
2024-01-05,Instagram,77,47
2024-02-05,Snapchat,53,55
2024-02-03,WhatsApp,40,53
2024-01-31,Gmail,130,49
2024-01-10,Instagram,72,48
2024-01-19,Snapchat,82,56
2024-02-01,Instagram,109,49
2024-01-01,WhatsApp,173,54
2024-01-05,Snapchat,126,57
2024-02-14,Chrome,123,45
2024-01-04,YouTube,118,59
2024-01-16,Facebook,14,54
2024-01-24,LinkedIn,153,44
2024-01-16,Spotify,168,58
2024-01-02,LinkedIn,144,45
2024-02-18,Gmail,95,50
2024-01-28,LinkedIn,6,46
2024-02-01,Snapchat,122,58
2024-01-27,Chrome,17,46
2024-01-20,Facebook,164,55
2024-01-24,YouTube,99,60
2024-01-12,YouTube,148,61
2024-02-19,WhatsApp,36,55
2024-02-04,Spotify,36,59
2024-02-02,Instagram,128,50
2024-02-02,Chrome,15,47
2024-02-12,Instagram,14,51
2024-02-06,Facebook,19,56
2024-01-12,LinkedIn,21,47
2024-01-03,YouTube,172,62
2024-01-01,Facebook,150,57
2024-02-02,LinkedIn,157,48
2024-02-09,YouTube,63,63
2024-01-10,LinkedIn,82,49
2024-02-12,Spotify,128,60
2024-02-13,Chrome,118,48
2024-01-29,Gmail,26,51
2024-01-13,Facebook,162,58
2024-01-12,Facebook,176,59
2024-01-31,Twitter,36,55
2024-02-15,Snapchat,178,59
2024-01-02,Spotify,117,61
2024-02-19,Spotify,124,62
2024-02-04,Instagram,153,52
2024-01-23,LinkedIn,126,50
2024-01-17,Snapchat,36,60
2024-01-26,Chrome,123,49
2024-01-08,Chrome,43,50
2024-01-29,Spotify,16,63
2024-01-26,Chrome,179,51
2024-01-10,Twitter,22,56
2024-01-26,Facebook,153,60
2024-02-03,WhatsApp,145,56
2024-02-10,Gmail,153,52
2024-01-07,Instagram,130,53
2024-01-04,LinkedIn,140,51
2024-02-19,Gmail,50,53
2024-02-14,LinkedIn,108,52
2024-01-11,YouTube,139,64
2024-01-29,Gmail,155,54
2024-02-05,WhatsApp,90,57
2024-01-25,Spotify,154,64
2024-01-21,Twitter,93,57
2024-02-05,Facebook,26,61
2024-01-10,Facebook,96,62
2024-02-06,Twitter,33,58
2024-01-09,Snapchat,17,61
2024-01-24,YouTube,6,65
2024-02-04,LinkedIn,33,53
2024-02-18,WhatsApp,31,58
2024-02-04,Chrome,54,52
2024-02-17,Gmail,99,55
2024-02-05,YouTube,155,66
2024-01-18,Gmail,92,56
2024-02-18,WhatsApp,48,59
2024-02-08,Instagram,26,54
2024-02-01,Instagram,175,55
2024-01-24,YouTube,169,67
2024-01-23,Spotify,101,65
2024-02-01,WhatsApp,7,60
2024-02-06,WhatsApp,122,61
2024-01-12,Twitter,23,59
2024-02-18,Spotify,27,66
2024-01-13,LinkedIn,161,54
2024-01-23,LinkedIn,34,55
2024-01-25,Chrome,43,53
2024-02-04,Facebook,112,63
2024-02-10,Instagram,115,56
2024-01-30,LinkedIn,29,56
2024-01-17,Spotify,132,67
2024-02-18,WhatsApp,115,62
2024-01-20,LinkedIn,140,57
2024-02-17,WhatsApp,110,63
2024-01-25,LinkedIn,148,58
2024-01-22,Instagram,76,57
2024-01-13,Gmail,133,57
2024-01-19,LinkedIn,112,59
2024-02-18,Spotify,9,68
2024-02-05,LinkedIn,7,60
2024-01-12,Facebook,136,64
2024-02-10,Instagram,108,58
2024-01-19,Spotify,68,69
2024-01-12,Twitter,110,60
2024-01-09,Spotify,102,70
2024-01-07,Facebook,14,65
2024-01-28,Gmail,153,58
2024-01-14,Instagram,132,59
2024-01-31,Twitter,50,61
2024-01-19,Facebook,159,66
2024-02-16,Facebook,70,67
2024-01-16,YouTube,173,68
2024-01-05,Instagram,116,60
2024-02-04,Spotify,17,71
2024-01-12,WhatsApp,141,64
2024-01-25,Gmail,168,59
2024-01-21,WhatsApp,90,65
2024-02-05,Spotify,94,72
2024-01-23,Spotify,62,73
2024-01-16,Instagram,58,61
2024-02-08,Spotify,16,74
2024-02-14,YouTube,18,69
2024-02-11,Twitter,125,62
2024-02-08,Spotify,166,75
2024-01-14,WhatsApp,125,66
2024-01-31,Spotify,24,76
2024-01-05,YouTube,79,70
2024-02-04,LinkedIn,148,61
2024-01-23,LinkedIn,74,62
2024-01-29,Facebook,60,68
2024-02-12,Gmail,105,60
2024-01-11,Chrome,136,54
2024-01-18,Twitter,115,63
2024-02-16,Snapchat,129,62
2024-01-12,Facebook,136,69
2024-01-09,Gmail,24,61
2024-01-10,LinkedIn,142,63
2024-02-13,WhatsApp,28,67
2024-01-17,Snapchat,158,63
2024-02-07,Gmail,41,62
2024-01-07,Gmail,58,63
2024-02-15,Facebook,107,70
2024-01-13,Snapchat,153,64
2024-02-09,Instagram,42,62
2024-02-11,Chrome,178,55
2024-01-09,Instagram,8,63
2024-02-19,Snapchat,61,65
2024-01-27,Instagram,177,64
2024-01-02,YouTube,24,71
2024-01-05,LinkedIn,21,64
2024-01-29,YouTube,123,72
2024-02-06,Spotify,75,77
2024-02-07,Instagram,8,65
2024-01-19,Spotify,18,78
2024-01-08,WhatsApp,7,68
2024-02-17,Twitter,84,64
2024-02-14,WhatsApp,59,69
2024-01-01,Snapchat,136,66
2024-01-22,Gmail,124,64
2024-01-17,LinkedIn,28,65
2024-01-07,Instagram,166,66
2024-01-25,Facebook,162,71
2024-02-14,Twitter,86,65
2024-01-04,Chrome,151,56
2024-02-05,Chrome,163,57
2024-01-06,Chrome,64,58
2024-01-31,Instagram,151,67
2024-01-19,Chrome,53,59
2024-02-13,YouTube,67,73
2024-02-08,Twitter,114,66
2024-01-27,YouTube,154,74
2024-01-10,Gmail,156,65
2024-01-26,Twitter,113,67
2024-01-19,YouTube,80,75
2024-02-08,Twitter,34,68
2024-01-03,Gmail,62,66
2024-02-14,Spotify,121,79
2024-01-13,Instagram,163,68
2024-02-19,Instagram,104,69
2024-01-28,Chrome,23,60
2024-01-20,WhatsApp,177,70
2024-01-28,Chrome,98,61
2024-01-08,Snapchat,117,67
2024-02-10,YouTube,150,76
2024-02-08,Twitter,67,69
2024-01-01,WhatsApp,120,71
2024-01-03,Gmail,117,67
2024-01-13,Snapchat,51,68
2024-01-28,Gmail,61,68
2024-02-18,Instagram,122,70
2024-01-25,Instagram,49,71
2024-02-02,Chrome,165,62
2024-02-07,YouTube,149,77
2024-01-06,WhatsApp,8,72
2024-02-13,LinkedIn,152,66
2024-02-14,Snapchat,51,69
2024-02-01,Snapchat,147,70
2024-02-14,Chrome,51,63
2024-02-16,Instagram,82,72
2024-01-21,Chrome,128,64
2024-01-16,Twitter,79,70
2024-01-21,WhatsApp,107,73
2024-01-11,YouTube,141,78
2024-02-06,Spotify,94,80
2024-02-05,Facebook,148,72
2024-02-04,Facebook,73,73
2024-01-19,Chrome,65,65
2024-01-20,Twitter,142,71
2024-01-18,WhatsApp,54,74
2024-02-16,LinkedIn,7,67
2024-02-10,Facebook,111,74
2024-02-18,WhatsApp,117,75
2024-01-14,YouTube,98,79
2024-01-15,Gmail,122,69
2024-01-31,Twitter,85,72
2024-01-01,Instagram,113,73
2024-01-03,WhatsApp,55,76
2024-01-16,YouTube,151,80
2024-01-23,LinkedIn,174,68
2024-01-11,Spotify,39,81
2024-01-12,Instagram,50,74
2024-01-10,Spotify,158,82
2024-02-01,LinkedIn,73,69
2024-01-16,YouTube,97,81
2024-01-08,Facebook,68,75
2024-02-07,Spotify,169,83
2024-01-12,Instagram,53,75
2024-01-24,Chrome,153,66
2024-01-28,Snapchat,78,71
2024-01-08,WhatsApp,9,77
2024-01-28,Facebook,104,76
2024-02-05,Spotify,74,84
2024-01-26,Gmail,94,70
2024-01-08,WhatsApp,8,78
2024-02-19,Chrome,130,67
2024-01-28,LinkedIn,43,70
2024-01-28,Snapchat,167,72
2024-02-06,YouTube,133,82
2024-02-10,Chrome,28,68
2024-02-05,Chrome,61,69
2024-01-27,LinkedIn,104,71
2024-01-17,Twitter,74,73
2024-01-09,LinkedIn,45,72
2024-02-02,Twitter,178,74
2024-01-20,Twitter,64,75
2024-01-13,Facebook,112,77
2024-01-28,Facebook,61,78
2024-02-17,Instagram,35,76
2024-01-29,Spotify,88,85
2024-01-13,Spotify,156,86
2024-02-15,YouTube,40,83
2024-02-04,Spotify,162,87
2024-01-06,Facebook,156,79
2024-01-18,Instagram,112,77
2024-01-05,Instagram,110,78
2024-02-16,Twitter,162,76
2024-01-25,LinkedIn,90,73
2024-01-02,YouTube,139,84
2024-01-10,Twitter,167,77
2024-01-30,LinkedIn,18,74
2024-02-19,Spotify,124,88
2024-02-14,Twitter,142,78
2024-01-05,WhatsApp,84,79
2024-02-02,Spotify,148,89
2024-01-01,LinkedIn,110,75
2024-01-18,YouTube,74,85
2024-02-01,LinkedIn,48,76
2024-02-16,Twitter,77,79
2024-02-18,Twitter,49,80
2024-01-11,Chrome,111,70
2024-01-21,YouTube,88,86
2024-01-26,Gmail,86,71
2024-01-25,Spotify,111,90
2024-01-22,Instagram,25,79
2024-01-27,YouTube,165,87
2024-02-18,Instagram,11,80
2024-01-13,YouTube,74,88
2024-02-02,YouTube,131,89
2024-02-03,LinkedIn,147,77
2024-02-10,YouTube,164,90
2024-02-04,Chrome,152,71
2024-01-01,Gmail,147,72
2024-01-21,Twitter,153,81
2024-02-17,Snapchat,174,73
2024-01-06,Instagram,158,81
2024-01-28,Twitter,124,82
2024-01-17,Snapchat,132,74
2024-01-05,Gmail,146,73
2024-01-31,Gmail,61,74
2024-01-05,Instagram,169,82
2024-02-07,Instagram,62,83
2024-01-03,Gmail,25,75
2024-01-23,Snapchat,86,75
2024-02-06,YouTube,73,91
2024-02-06,Spotify,135,91
2024-01-10,WhatsApp,91,80
2024-01-10,Twitter,169,83
2024-01-19,LinkedIn,53,78
2024-01-17,Twitter,151,84
2024-01-21,LinkedIn,119,79
2024-01-14,Snapchat,93,76
2024-01-09,LinkedIn,89,80
2024-02-15,Instagram,132,84
2024-01-01,Spotify,144,92
2024-02-14,Spotify,173,93
2024-01-13,Instagram,165,85
2024-01-04,Chrome,121,72
2024-01-01,Snapchat,131,77
2024-02-18,Chrome,75,73
2024-02-09,Chrome,90,74
2024-02-01,Twitter,37,85
2024-02-03,Gmail,85,76
2024-01-28,Twitter,156,86
2024-01-31,Gmail,65,77
2024-01-08,WhatsApp,65,81
2024-02-08,LinkedIn,102,81
2024-01-26,Gmail,32,78
2024-02-03,Instagram,47,86
2024-01-03,Twitter,173,87
2024-02-19,Snapchat,171,78
2024-01-12,LinkedIn,90,82
2024-01-01,WhatsApp,21,82
2024-02-13,Gmail,102,79
2024-01-05,WhatsApp,102,83
2024-01-30,Snapchat,69,79
2024-01-30,Chrome,78,75
2024-01-17,Spotify,89,94
2024-02-17,Snapchat,9,80
2024-02-16,Facebook,6,80
2024-01-23,Snapchat,26,81
2024-01-15,WhatsApp,116,84
2024-02-06,Instagram,61,87
2024-01-21,Twitter,70,88
2024-01-14,Instagram,78,88
2024-01-02,WhatsApp,102,85
2024-01-11,Twitter,148,89
2024-02-08,Facebook,116,81
2024-02-07,Spotify,129,95
2024-02-03,LinkedIn,171,83
2024-02-07,WhatsApp,90,86
2024-02-19,Gmail,80,80
2024-02-03,WhatsApp,92,87
2024-01-18,WhatsApp,172,88
2024-01-30,Twitter,42,90
2024-01-15,YouTube,63,92
2024-01-27,Snapchat,142,82
2024-02-03,YouTube,103,93
2024-02-07,Facebook,67,82
2024-02-02,Gmail,53,81
2024-01-24,Spotify,36,96
2024-01-15,Chrome,139,76
2024-01-30,Facebook,25,83
2024-02-11,Chrome,24,77
2024-01-17,Chrome,158,78
2024-01-05,Spotify,131,97
2024-01-29,Instagram,72,89
2024-01-04,YouTube,114,94
2024-01-10,WhatsApp,120,89
2024-01-17,LinkedIn,147,84
2024-01-10,Chrome,124,79
2024-01-17,Gmail,83,82
2024-01-20,Facebook,120,84
2024-01-24,Instagram,96,90
2024-01-05,Chrome,18,80
2024-02-03,Instagram,159,91
2024-01-06,Instagram,129,92
2024-01-02,Chrome,172,81
2024-01-13,Twitter,62,91
2024-02-12,Snapchat,32,83
2024-02-12,Gmail,30,83
2024-02-17,WhatsApp,117,90
2024-01-11,WhatsApp,70,91
2024-02-16,Gmail,157,84
2024-01-23,Twitter,135,92
2024-01-16,WhatsApp,48,92
2024-01-31,Instagram,101,93
2024-01-11,Spotify,46,98
2024-01-16,Facebook,10,85
2024-01-08,YouTube,171,95
2024-01-04,WhatsApp,27,93
2024-02-09,Gmail,93,85
2024-01-04,Spotify,127,99
2024-01-25,Chrome,175,82
2024-01-03,Snapchat,151,84
2024-02-01,Gmail,55,86
2024-01-03,Instagram,15,94
2024-01-27,Snapchat,16,85
2024-01-29,Facebook,78,86
2024-02-01,Facebook,12,87
2024-02-19,Twitter,156,93
2024-01-19,LinkedIn,45,85
2024-01-21,Twitter,168,94
2024-01-05,Spotify,89,100
2024-01-18,Snapchat,76,86
2024-01-28,LinkedIn,59,86
2024-02-11,Chrome,141,83
2024-01-22,Instagram,51,95
2024-01-21,Snapchat,147,87
2024-01-06,Twitter,108,95
2024-01-01,YouTube,46,96
2024-01-05,LinkedIn,64,87
2024-02-10,LinkedIn,16,88
2024-01-12,Instagram,134,96
2024-01-26,WhatsApp,11,94
2024-02-15,Facebook,84,88
2024-02-03,Facebook,135,89
2024-02-18,YouTube,113,97
2024-01-14,Spotify,7,101
2024-01-26,Spotify,31,102
2024-02-14,Chrome,118,84
2024-01-27,Snapchat,111,88
2024-01-09,Gmail,44,87
2024-01-26,WhatsApp,165,95
2024-02-16,Twitter,133,96
2024-01-22,Gmail,12,88
2024-02-16,Gmail,105,89
2024-01-30,LinkedIn,164,89
2024-02-12,YouTube,128,98
2024-02-17,Facebook,111,90
2024-01-17,Chrome,105,85
2024-01-26,Spotify,8,103
2024-02-05,YouTube,114,99
2024-01-01,LinkedIn,23,90
2024-01-08,Twitter,36,97
2024-02-18,Chrome,141,86
2024-02-04,LinkedIn,16,91
2024-01-15,Facebook,143,91
2024-02-16,Facebook,50,92
2024-01-22,Facebook,123,93
2024-01-14,YouTube,20,100
2024-01-26,YouTube,133,101
2024-01-28,Spotify,67,104
2024-01-23,Spotify,113,105
2024-01-14,Twitter,123,98
2024-01-24,Chrome,25,87
2024-01-02,Instagram,162,97
2024-02-14,Instagram,17,98
2024-01-26,LinkedIn,166,92
2024-01-14,Facebook,8,94
2024-01-07,Chrome,160,88
2024-01-03,Gmail,106,90
2024-02-16,YouTube,63,102
2024-01-23,Snapchat,132,89
2024-02-15,WhatsApp,31,96
2024-02-12,Twitter,73,99
2024-02-16,Facebook,29,95
2024-02-14,Facebook,135,96
2024-01-18,Facebook,101,97
2024-02-07,YouTube,29,103
2024-02-04,YouTube,152,104
2024-01-15,WhatsApp,166,97
2024-01-25,Gmail,158,91
2024-02-06,Chrome,130,89
2024-01-28,Facebook,137,98
2024-01-10,Instagram,13,99
2024-02-08,Spotify,120,106
2024-01-17,Instagram,138,100
2024-02-08,LinkedIn,64,93
2024-01-22,Instagram,176,101
2024-01-26,LinkedIn,125,94
2024-02-13,Snapchat,143,90
2024-01-25,Spotify,179,107
2024-01-17,Instagram,112,102
2024-01-13,Snapchat,112,91
2024-01-20,Twitter,135,100
2024-01-25,Chrome,80,90
2024-01-04,Snapchat,34,92
2024-01-10,Chrome,25,91
2024-01-03,Instagram,160,103
2024-02-10,Gmail,165,92
2024-02-14,Snapchat,167,93
2024-01-18,Spotify,38,108
2024-02-16,Instagram,45,104
2024-02-05,Facebook,55,99
2024-02-16,YouTube,179,105
2024-01-22,Snapchat,86,94
2024-02-03,Spotify,62,109
2024-02-16,Twitter,79,101
2024-01-08,Facebook,27,100
2024-02-09,Twitter,132,102
2024-02-18,Instagram,154,105
2024-02-13,YouTube,21,106
2024-01-19,Snapchat,73,95
2024-02-11,Snapchat,112,96
2024-02-10,Gmail,143,93
2024-02-06,Gmail,98,94
2024-01-06,Instagram,19,106
2024-01-26,Instagram,95,107
2024-02-03,YouTube,167,107
2024-02-14,Gmail,37,95
2024-01-06,Spotify,129,110
2024-02-06,Spotify,20,111
